{
    "action": {
        "min": [
            -1.3445378541946411,
            -99.59871673583984,
            63.570457458496094,
            -99.57173156738281,
            -0.07326007634401321,
            2.1875
        ],
        "max": [
            -1.2605042457580566,
            -99.19743347167969,
            99.5468978881836,
            -11.092077255249023,
            0.07326007634401321,
            2.1875
        ],
        "mean": [
            -1.3199882507324219,
            -99.56919860839844,
            94.88480377197266,
            -88.15900421142578,
            -0.012678840197622776,
            2.1875
        ],
        "std": [
            0.03823744133114815,
            0.38145485520362854,
            9.006725311279297,
            23.341732025146484,
            0.05635027959942818,
            0.0
        ],
        "count": [
            599
        ],
        "q01": [
            -1.3445378541946411,
            -99.59871673583984,
            64.66406684875489,
            -99.23398032810377,
            -0.07326007634401321,
            2.1875
        ],
        "q10": [
            -1.3445378541946411,
            -99.59871673583984,
            79.24827346801757,
            -99.14551415183327,
            -0.07326007634401321,
            2.1875
        ],
        "q50": [
            -1.3445378541946411,
            -99.59871673583984,
            99.45554915760613,
            -99.13450340171913,
            0.024413622750510133,
            2.1875
        ],
        "q90": [
            -1.2605099990708488,
            -99.43817949295044,
            99.45993543435598,
            -61.71040554046631,
            0.07323813004419208,
            2.1875
        ],
        "q99": [
            -1.260504821089336,
            -99.27766780853271,
            99.545240381681,
            -11.103858988020155,
            0.0732578817140311,
            2.1875
        ]
    },
    "observation.state": {
        "min": [
            -100.0,
            -100.0,
            69.2718734741211,
            -100.0,
            -44.02930450439453,
            3.6637930870056152
        ],
        "max": [
            -100.0,
            -96.7213134765625,
            100.0,
            -11.783960342407227,
            -0.07326007634401321,
            13.254310607910156
        ],
        "mean": [
            -100.0,
            -97.1585693359375,
            96.40482330322266,
            -87.365234375,
            -0.5814862251281738,
            3.734511613845825
        ],
        "std": [
            0.0,
            0.7071067690849304,
            7.553584575653076,
            22.944364547729492,
            4.238384246826172,
            0.7283768653869629
        ],
        "count": [
            599
        ],
        "q01": [
            -100.0,
            -100.0,
            69.2718734741211,
            -100.0,
            -31.915107898712158,
            3.6637930870056152
        ],
        "q10": [
            -100.0,
            -98.03262151647498,
            84.10511635228207,
            -99.67731558530386,
            -0.08135031309779797,
            3.6637930870056152
        ],
        "q50": [
            -100.0,
            -96.72177476838161,
            99.99583322861615,
            -97.22096994278279,
            -0.07775465231833809,
            3.6637930870056152
        ],
        "q90": [
            -100.0,
            -96.72140573492632,
            99.99916664572324,
            -60.406877517700195,
            -0.07415899153887819,
            3.6637930870056152
        ],
        "q99": [
            -100.0,
            -96.72132270239888,
            99.99991666457232,
            -11.788993334997269,
            -0.0733499678634997,
            5.603015050888062
        ]
    },
    "timestamp": {
        "min": [
            0.0
        ],
        "max": [
            19.933333333333334
        ],
        "mean": [
            9.966666666666665
        ],
        "std": [
            5.76387215526353
        ],
        "count": [
            599
        ],
        "q01": [
            0.16740013323501293
        ],
        "q10": [
            1.9690146665864225
        ],
        "q50": [
            9.968660000000018
        ],
        "q90": [
            17.96431866674691
        ],
        "q99": [
            19.76593320009832
        ]
    },
    "frame_index": {
        "min": [
            0
        ],
        "max": [
            598
        ],
        "mean": [
            299.0
        ],
        "std": [
            172.91616465790582
        ],
        "count": [
            599
        ],
        "q01": [
            5.02200399990168
        ],
        "q10": [
            59.07043999991976
        ],
        "q50": [
            298.9402
        ],
        "q90": [
            538.9295600000803
        ],
        "q99": [
            592.9779960000984
        ]
    },
    "episode_index": {
        "min": [
            0
        ],
        "max": [
            0
        ],
        "mean": [
            0.0
        ],
        "std": [
            0.0
        ],
        "count": [
            599
        ],
        "q01": [
            3.9999999999994176e-16
        ],
        "q10": [
            3.999999999999417e-15
        ],
        "q50": [
            1.9999999999997088e-14
        ],
        "q90": [
            3.599999999999476e-14
        ],
        "q99": [
            3.9599999999994235e-14
        ]
    },
    "index": {
        "min": [
            0
        ],
        "max": [
            598
        ],
        "mean": [
            299.0
        ],
        "std": [
            172.91616465790582
        ],
        "count": [
            599
        ],
        "q01": [
            5.02200399990168
        ],
        "q10": [
            59.07043999991976
        ],
        "q50": [
            298.9402
        ],
        "q90": [
            538.9295600000803
        ],
        "q99": [
            592.9779960000984
        ]
    },
    "task_index": {
        "min": [
            0
        ],
        "max": [
            0
        ],
        "mean": [
            0.0
        ],
        "std": [
            0.0
        ],
        "count": [
            599
        ],
        "q01": [
            3.9999999999994176e-16
        ],
        "q10": [
            3.999999999999417e-15
        ],
        "q50": [
            1.9999999999997088e-14
        ],
        "q90": [
            3.599999999999476e-14
        ],
        "q99": [
            3.9599999999994235e-14
        ]
    }
}