{
    "action": {
        "min": [
            -2.98225736618042,
            -100.0,
            30.297565460205078,
            -100.0,
            -0.12210012227296829,
            0.3885003924369812
        ],
        "max": [
            45.41336441040039,
            -84.62770080566406,
            100.0,
            -46.289146423339844,
            0.17094017565250397,
            99.68920135498047
        ],
        "mean": [
            -0.5213792324066162,
            -98.96379852294922,
            96.56475830078125,
            -97.4569320678711,
            -0.025806207209825516,
            43.39751052856445
        ],
        "std": [
            8.055251121520996,
            1.8532593250274658,
            11.451409339904785,
            8.130227088928223,
            0.07978494465351105,
            21.587493896484375
        ],
        "count": [
            599
        ],
        "q01": [
            -2.98225736618042,
            -99.43993421342638,
            33.908014106750485,
            -99.9222521391369,
            -0.12210012227296829,
            0.46392920637130736
        ],
        "q10": [
            -2.98225736618042,
            -99.35885061687894,
            99.53999422690026,
            -99.58053074974455,
            -0.07327608793973922,
            36.9802601146698
        ],
        "q50": [
            -2.98225736618042,
            -99.27917393540915,
            99.54836913756559,
            -99.5735175940906,
            -0.07323761653818496,
            37.37614969511006
        ],
        "q90": [
            -0.9436809527246576,
            -99.27754410093864,
            99.64738256039827,
            -97.85242539702868,
            0.12207018280258546,
            99.29398574829102
        ],
        "q99": [
            45.340821018218996,
            -85.90972114562989,
            99.82113171895345,
            -47.74997268676758,
            0.17091823493130506,
            99.68699844219067
        ]
    },
    "observation.state": {
        "min": [
            -2.726902723312378,
            -100.0,
            28.643678665161133,
            -100.0,
            0.07326007634401321,
            1.3745704889297485
        ],
        "max": [
            44.647945404052734,
            -87.01181030273438,
            99.54022979736328,
            -48.50678634643555,
            48.86446762084961,
            99.31271362304688
        ],
        "mean": [
            -0.290067195892334,
            -99.32513427734375,
            96.39191436767578,
            -97.64639282226562,
            0.6674221754074097,
            40.77378463745117
        ],
        "std": [
            7.759512424468994,
            1.6773420572280884,
            11.24891471862793,
            7.827423095703125,
            4.767535209655762,
            19.07227897644043
        ],
        "count": [
            599
        ],
        "q01": [
            -2.726902723312378,
            -100.0,
            34.35779888153076,
            -99.73218276852467,
            0.07326007634401321,
            1.4528230947256089
        ],
        "q10": [
            -2.726902723312378,
            -100.0,
            99.25692446891804,
            -99.73066567592933,
            0.07326007634401321,
            36.69283521743048
        ],
        "q50": [
            -2.726902723312378,
            -99.45620039548321,
            99.26539436777928,
            -99.72392304217229,
            0.07326007634401321,
            36.973884510993955
        ],
        "q90": [
            -0.5324728141512189,
            -99.45463485141245,
            99.36437627474467,
            -97.5561294555664,
            0.12854086044993435,
            63.704362869262695
        ],
        "q99": [
            43.83319408416748,
            -87.92095642089843,
            99.3696860520045,
            -50.59730911254883,
            36.305708236694336,
            99.30761309748111
        ]
    },
    "timestamp": {
        "min": [
            0.0
        ],
        "max": [
            19.933333333333334
        ],
        "mean": [
            9.966666666666665
        ],
        "std": [
            5.76387215526353
        ],
        "count": [
            599
        ],
        "q01": [
            0.16740013323501293
        ],
        "q10": [
            1.9690146665864225
        ],
        "q50": [
            9.968660000000018
        ],
        "q90": [
            17.96431866674691
        ],
        "q99": [
            19.76593320009832
        ]
    },
    "frame_index": {
        "min": [
            0
        ],
        "max": [
            598
        ],
        "mean": [
            299.0
        ],
        "std": [
            172.91616465790582
        ],
        "count": [
            599
        ],
        "q01": [
            5.02200399990168
        ],
        "q10": [
            59.07043999991976
        ],
        "q50": [
            298.9402
        ],
        "q90": [
            538.9295600000803
        ],
        "q99": [
            592.9779960000984
        ]
    },
    "episode_index": {
        "min": [
            0
        ],
        "max": [
            0
        ],
        "mean": [
            0.0
        ],
        "std": [
            0.0
        ],
        "count": [
            599
        ],
        "q01": [
            3.9999999999994176e-16
        ],
        "q10": [
            3.999999999999417e-15
        ],
        "q50": [
            1.9999999999997088e-14
        ],
        "q90": [
            3.599999999999476e-14
        ],
        "q99": [
            3.9599999999994235e-14
        ]
    },
    "index": {
        "min": [
            0
        ],
        "max": [
            598
        ],
        "mean": [
            299.0
        ],
        "std": [
            172.91616465790582
        ],
        "count": [
            599
        ],
        "q01": [
            5.02200399990168
        ],
        "q10": [
            59.07043999991976
        ],
        "q50": [
            298.9402
        ],
        "q90": [
            538.9295600000803
        ],
        "q99": [
            592.9779960000984
        ]
    },
    "task_index": {
        "min": [
            0
        ],
        "max": [
            0
        ],
        "mean": [
            0.0
        ],
        "std": [
            0.0
        ],
        "count": [
            599
        ],
        "q01": [
            3.9999999999994176e-16
        ],
        "q10": [
            3.999999999999417e-15
        ],
        "q50": [
            1.9999999999997088e-14
        ],
        "q90": [
            3.599999999999476e-14
        ],
        "q99": [
            3.9599999999994235e-14
        ]
    }
}